title,price,city,year,mileage,fuel,engine_cc,transmission,updated,url
Toyota Vitz  2017 F Safety 1.0 for Sale8/10,PKR 35.5 lacs,Karachi,2017,"92,249 km",Petrol,1000 cc,Automatic,Updated 1 minute ago,https://www.pakwheels.com/used-cars/toyota-vitz-2017-for-sale-in-karachi-10819348
Toyota Vitz  2013 F 1.0 for Sale6.7/10,PKR 25.9 lacs,Karachi,2013,"104,498 km",Petrol,1000 cc,Automatic,Updated 2 minutes ago,https://www.pakwheels.com/used-cars/toyota-vitz-2013-for-sale-in-karachi-10817403
Suzuki Bolan  2017 VX Euro II for Sale5.6/10,PKR 13.5 lacs,Karachi,2017,"53,898 km",Petrol,800 cc,Manual,Updated 4 minutes ago,https://www.pakwheels.com/used-cars/suzuki-bolan-2017-for-sale-in-karachi-10815118
Honda BR-V  2020  for Sale8.9/10,PKR 41 lacs,Karachi,2020,"185,151 km",Petrol,1500 cc,Manual,Updated 5 minutes ago,https://www.pakwheels.com/used-cars/honda-br-v-2020-for-sale-in-karachi-10816136
Toyota Passo  2018 Moda S for Sale9/10,PKR 35.1 lacs,Karachi,2018,"82,763 km",Petrol,1000 cc,Automatic,Updated 6 minutes ago,https://www.pakwheels.com/used-cars/toyota-passo-2018-for-sale-in-karachi-10689375
Toyota Fortuner  2021 2.8 Sigma 4 for Sale,PKR 1.48 crore,Karachi,2021,"48,000 km",Diesel,2800 cc,Automatic,Updated 8 minutes ago,https://www.pakwheels.com/used-cars/toyota-fortuner-2021-for-sale-in-karachi-10835060
Toyota Corolla  2018 Altis Grande CVT-i 1.8 for Sale7.7/10,PKR 49.8 lacs,Karachi,2018,"116,612 km",Petrol,1800 cc,Automatic,Updated 10 minutes ago,https://www.pakwheels.com/used-cars/toyota-corolla-2018-for-sale-in-karachi-10802128
Suzuki Alto  2007 VXR (CNG) for Sale3.4/10,PKR 8.3 lacs,Karachi,2007,"206,913 km",CNG,1000 cc,Manual,Updated 11 minutes ago,https://www.pakwheels.com/used-cars/suzuki-alto-2007-for-sale-in-karachi-10816109
Haval H6  2025 1.5T for Sale10/10,PKR 97 lacs,Karachi,2025,"4,821 km",Petrol,1500 cc,Automatic,Updated 12 minutes ago,https://www.pakwheels.com/used-cars/haval-h6-2025-for-sale-in-karachi-10698562
Suzuki Cultus  2011 VXRi for Sale2.9/10,PKR 10.9 lacs,Karachi,2011,"2,286 km",Petrol,1000 cc,Manual,Updated 18 minutes ago,https://www.pakwheels.com/used-cars/suzuki-cultus-2011-for-sale-in-karachi-10722207
Suzuki Wagon R  2020 VXL for Sale8.6/10,PKR 26.8 lacs,Karachi,2020,"44,713 km",Petrol,1000 cc,Manual,Updated 19 minutes ago,https://www.pakwheels.com/used-cars/suzuki-wagon-r-2020-for-sale-in-karachi-10696735
Toyota Hilux  2018 Revo V Automatic 2.8 for Sale,PKR 96.5 lacs,Karachi,2018,"65,000 km",Diesel,2800 cc,Automatic,Updated 21 minutes ago,https://www.pakwheels.com/used-cars/toyota-hilux-2018-for-sale-in-karachi-10834995
Toyota Passo  2017 X G Package for Sale,PKR 31.5 lacs,Karachi,2017,"79,000 km",Petrol,1000 cc,Automatic,Updated 5 minutes ago,https://www.pakwheels.com/used-cars/toyota-passo-2017-for-sale-in-karachi-10835076
Honda Civic  1999 VTi Oriel 1.6 for Sale,PKR 12.25 lacs,Karachi,1999,"150,000 km",Petrol,1600 cc,Manual,Updated 6 minutes ago,https://www.pakwheels.com/used-cars/honda-civic-1999-for-sale-in-karachi-10835066
Toyota Corolla  2021 Altis Grande X CVT-i 1.8 Beige Interior for Sale,PKR 63.75 lacs,Karachi,2021,"35,000 km",Petrol,1800 cc,Automatic,Updated 9 minutes ago,https://www.pakwheels.com/used-cars/toyota-corolla-2021-for-sale-in-karachi-10835059
Toyota Aqua  2014 S for Sale,PKR 31.75 lacs,Karachi,2014,"138,000 km",Hybrid,1500 cc,Automatic,Updated 11 minutes ago,https://www.pakwheels.com/used-cars/toyota-aqua-2014-for-sale-in-karachi-10834622
Mazda Rx7  1978  for Sale,PKR 1 lacs,Karachi,1978,100 km,Petrol,4000 cc,Automatic,Updated 11 minutes ago,https://www.pakwheels.com/used-cars/mazda-rx7-1978-for-sale-in-karachi-10835048
Honda BR-V  2021 i-VTEC S for Sale,PKR 51 lacs,Karachi,2021,"65,000 km",Petrol,1500 cc,Automatic,Updated 12 minutes ago,https://www.pakwheels.com/used-cars/honda-br-v-2021-for-sale-in-karachi-10835044
Toyota Aqua  2014 S for Sale,PKR 33 lacs,Karachi,2014,"70,000 km",Hybrid,1500 cc,Automatic,Updated 14 minutes ago,https://www.pakwheels.com/used-cars/toyota-aqua-2014-for-sale-in-karachi-10835038
Suzuki Cultus  2010 VXRi (CNG) for Sale,PKR 11.6 lacs,Karachi,2010,"50,000 km",LPG,1000 cc,Manual,Updated 20 minutes ago,https://www.pakwheels.com/used-cars/suzuki-cultus-2010-for-sale-in-karachi-10835017
Toyota Corolla  2017 GLi Automatic 1.3 VVTi for Sale,PKR 43 lacs,Karachi,2017,"47,000 km",Petrol,1300 cc,Automatic,Updated 22 minutes ago,https://www.pakwheels.com/used-cars/toyota-corolla-2017-for-sale-in-karachi-10724003
Suzuki Other  2005  for Sale,PKR 5 lacs,Karachi,2005,"80,000 km",Petrol,1000 cc,Manual,Updated 22 minutes ago,https://www.pakwheels.com/used-cars/suzuki-other-2005-for-sale-in-karachi-10835004
FAW V2  2017 VCT-i for Sale4.8/10,PKR 12.75 lacs,Karachi,2017,"52,573 km",Petrol,1300 cc,Manual,Updated 23 minutes ago,https://www.pakwheels.com/used-cars/faw-v2-2017-for-sale-in-karachi-10640292
Toyota Corolla  2011 Altis Automatic 1.6 for Sale,PKR 30 lacs,Karachi,2011,"50,000 km",Petrol,1600 cc,Automatic,Updated 24 minutes ago,https://www.pakwheels.com/used-cars/toyota-corolla-2011-for-sale-in-karachi-10834993
Suzuki Liana  2007 LXi Sport for Sale,PKR 11.45 lacs,Karachi,2007,"95,600 km",Petrol,1300 cc,Manual,Updated 27 minutes ago,https://www.pakwheels.com/used-cars/suzuki-liana-2007-for-sale-in-karachi-10834983
Toyota Corolla  2017 GLi Automatic 1.3 VVTi for Sale,PKR 43 lacs,Karachi,2017,"47,000 km",Petrol,1300 cc,Automatic,Updated 22 minutes ago,https://www.pakwheels.com/used-cars/toyota-corolla-2017-for-sale-in-karachi-10724003
FAW V2  2017 VCT-i for Sale4.8/10,PKR 12.75 lacs,Karachi,2017,"52,573 km",Petrol,1300 cc,Manual,Updated 23 minutes ago,https://www.pakwheels.com/used-cars/faw-v2-2017-for-sale-in-karachi-10640292
Suzuki Liana  2007 LXi Sport for Sale,PKR 11.45 lacs,Karachi,2007,"95,600 km",Petrol,1300 cc,Manual,Updated 27 minutes ago,https://www.pakwheels.com/used-cars/suzuki-liana-2007-for-sale-in-karachi-10834983
Honda Civic  2019 1.8 i-VTEC CVT for Sale9/10,PKR 52 lacs,Karachi,2019,"42,561 km",Petrol,1800 cc,Automatic,Updated 28 minutes ago,https://www.pakwheels.com/used-cars/honda-civic-2019-for-sale-in-karachi-10820786
Toyota Raize  2020 XS for Sale,PKR 51 lacs,Karachi,2020,"67,500 km",Petrol,1000 cc,Automatic,Updated 30 minutes ago,https://www.pakwheels.com/used-cars/toyota-raize-2020-for-sale-in-karachi-10834965
Toyota Corolla  2011 GLi 1.3 VVTi for Sale7.6/10,PKR 28 lacs,Karachi,2011,"179,360 km",Petrol,1300 cc,Manual,Updated 31 minutes ago,https://www.pakwheels.com/used-cars/toyota-corolla-2011-for-sale-in-karachi-10815988
Toyota Vitz  2013 F 1.0 for Sale6/10,PKR 24.3 lacs,Karachi,2013,"169,102 km",Petrol,1000 cc,Automatic,Updated 34 minutes ago,https://www.pakwheels.com/used-cars/toyota-vitz-2013-for-sale-in-karachi-10608014
Suzuki Cultus  2016 Limited Edition for Sale5.9/10,PKR 15 lacs,Karachi,2016,"90,833 km",Petrol,1000 cc,Manual,Updated 35 minutes ago,https://www.pakwheels.com/used-cars/suzuki-cultus-2016-for-sale-in-karachi-10820088
Toyota Raize  2020 Z for Sale,PKR 60 lacs,Karachi,2020,"33,000 km",Petrol,1000 cc,Automatic,Updated 36 minutes ago,https://www.pakwheels.com/used-cars/toyota-raize-2020-for-sale-in-karachi-10775513
Honda Civic  2017 1.8 i-VTEC CVT for Sale7.7/10,PKR 45 lacs,Karachi,2017,"89,605 km",Petrol,1800 cc,Automatic,Updated 38 minutes ago,https://www.pakwheels.com/used-cars/honda-civic-2017-for-sale-in-karachi-10798258
Toyota Vitz  2013 F 1.0 for Sale7/10,PKR 27 lacs,Karachi,2013,"103,878 km",Petrol,1000 cc,Automatic,Updated 38 minutes ago,https://www.pakwheels.com/used-cars/toyota-vitz-2013-for-sale-in-karachi-10795254
Daihatsu Mira  2022 L SA III for Sale,PKR 34.1 lacs,Karachi,2022,"50,731 km",Petrol,660 cc,Automatic,Updated 39 minutes ago,https://www.pakwheels.com/used-cars/daihatsu-mira-2022-for-sale-in-karachi-10761619
Toyota Prius  2013 L 1.8 for Sale,PKR 34 lacs,Karachi,2013,"117,000 km",Hybrid,1800 cc,Automatic,Updated 28 minutes ago,https://www.pakwheels.com/used-cars/toyota-prius-2013-for-sale-in-karachi-10834978
Honda City 5th (GM2) Generation 2019 1.3 i-VTEC for Sale,PKR 32.5 lacs,Karachi,2019,"96,000 km",Petrol,1300 cc,Manual,Updated 33 minutes ago,https://www.pakwheels.com/used-cars/honda-city-2019-for-sale-in-karachi-10834957
Toyota Aqua  2019  for Sale,PKR 65 lacs,Karachi,2019,"39,000 km",Hybrid,1500 cc,Automatic,Updated 34 minutes ago,https://www.pakwheels.com/used-cars/toyota-aqua-2019-for-sale-in-karachi-10834949
Daihatsu Hijet  2008 Special for Sale,PKR 14 lacs,Karachi,2008,"175,909 km",Petrol,660 cc,Automatic,Updated 35 minutes ago,https://www.pakwheels.com/used-cars/daihatsu-hijet-2008-for-sale-in-karachi-10834939
Toyota Fortuner  2023 GR-S for Sale,PKR 1.95 crore,Karachi,2023,"30,000 km",Diesel,2800 cc,Automatic,Updated 35 minutes ago,https://www.pakwheels.com/used-cars/toyota-fortuner-2023-for-sale-in-karachi-10834933
Suzuki Cultus  2011 VXRi (CNG) for Sale,PKR 14.25 lacs,Karachi,2011,"75,200 km",Petrol,1000 cc,Manual,Updated 36 minutes ago,https://www.pakwheels.com/used-cars/suzuki-cultus-2011-for-sale-in-karachi-10834937
BYD Atto 3  2025 Advance for Sale,PKR 94 lacs,Karachi,2025,10 km,Electric,49.0 kWh,Automatic,Updated 42 minutes ago,https://www.pakwheels.com/used-cars/byd-atto-3-2025-for-sale-in-karachi-10834906
Honda BR-V  2020  for Sale8.8/10,PKR 41 lacs,Karachi,2020,"18,374 km",Petrol,1500 cc,Manual,Updated 43 minutes ago,https://www.pakwheels.com/used-cars/honda-br-v-2020-for-sale-in-karachi-10788492
Honda City 5th (GM2) Generation 2020 Aspire Prosmatec 1.5 i-VTEC for Sale,PKR 42.5 lacs,Karachi,2020,"77,000 km",Petrol,1500 cc,Automatic,Updated 43 minutes ago,https://www.pakwheels.com/used-cars/honda-city-2020-for-sale-in-karachi-10834780
Toyota Raize  2025 Z for Sale,PKR 61 lacs,Karachi,2025,"58,000 km",Petrol,1000 cc,Automatic,Updated 43 minutes ago,https://www.pakwheels.com/used-cars/toyota-raize-2025-for-sale-in-karachi-10834904
Suzuki Cultus  2010 VXRi for Sale4.7/10,PKR 10.5 lacs,Karachi,2010,"82,140 km",Petrol,1000 cc,Manual,Updated about 1 hour ago,https://www.pakwheels.com/used-cars/suzuki-cultus-2010-for-sale-in-karachi-10751816
Daihatsu Hijet  2016 Cruise for Sale7.3/10,PKR 20.5 lacs,Karachi,2016,"92,306 km",Petrol,660 cc,Automatic,Updated about 1 hour ago,https://www.pakwheels.com/used-cars/daihatsu-hijet-2016-for-sale-in-karachi-10677840
KIA Stonic  2022 EX+ for Sale9.4/10,PKR 50.5 lacs,Karachi,2022,"29,339 km",Petrol,1400 cc,Automatic,Updated about 1 hour ago,https://www.pakwheels.com/used-cars/kia-stonic-2022-for-sale-in-karachi-10832772
Toyota Land Cruiser 6th (J100) Generation 2002 Cygnus for Sale,PKR 1.25 crore,Karachi,2002,"72,000 km",Petrol,4700 cc,Automatic,Updated about 1 hour ago,https://www.pakwheels.com/used-cars/toyota-land-cruiser-2002-for-sale-in-karachi-10834874
Prince Pearl  2022 MT for Sale,PKR 10.7 lacs,Karachi,2022,"10,000 km",Petrol,800 cc,Manual,Updated about 1 hour ago,https://www.pakwheels.com/used-cars/prince-pearl-2022-for-sale-in-karachi-10810763
Honda Civic  2002 VTi Prosmatec 1.6 for Sale,PKR 15 lacs,Karachi,2002,"94,500 km",Petrol,1600 cc,Automatic,Updated about 1 hour ago,https://www.pakwheels.com/used-cars/honda-civic-2002-for-sale-in-karachi-10834872
Honda BR-V  2020  for Sale8.8/10,PKR 41 lacs,Karachi,2020,"18,374 km",Petrol,1500 cc,Manual,Updated 43 minutes ago,https://www.pakwheels.com/used-cars/honda-br-v-2020-for-sale-in-karachi-10788492
Honda City 5th (GM2) Generation 2020 Aspire Prosmatec 1.5 i-VTEC for Sale,PKR 42.5 lacs,Karachi,2020,"77,000 km",Petrol,1500 cc,Automatic,Updated 43 minutes ago,https://www.pakwheels.com/used-cars/honda-city-2020-for-sale-in-karachi-10834780
Suzuki Cultus  2010 VXRi for Sale4.7/10,PKR 10.5 lacs,Karachi,2010,"82,140 km",Petrol,1000 cc,Manual,Updated about 1 hour ago,https://www.pakwheels.com/used-cars/suzuki-cultus-2010-for-sale-in-karachi-10751816
Daihatsu Hijet  2016 Cruise for Sale7.3/10,PKR 20.5 lacs,Karachi,2016,"92,306 km",Petrol,660 cc,Automatic,Updated about 1 hour ago,https://www.pakwheels.com/used-cars/daihatsu-hijet-2016-for-sale-in-karachi-10677840
KIA Stonic  2022 EX+ for Sale9.4/10,PKR 50.5 lacs,Karachi,2022,"29,339 km",Petrol,1400 cc,Automatic,Updated about 1 hour ago,https://www.pakwheels.com/used-cars/kia-stonic-2022-for-sale-in-karachi-10832772
Toyota Land Cruiser 6th (J100) Generation 2002 Cygnus for Sale,PKR 1.25 crore,Karachi,2002,"72,000 km",Petrol,4700 cc,Automatic,Updated about 1 hour ago,https://www.pakwheels.com/used-cars/toyota-land-cruiser-2002-for-sale-in-karachi-10834874
Prince Pearl  2022 MT for Sale,PKR 10.7 lacs,Karachi,2022,"10,000 km",Petrol,800 cc,Manual,Updated about 1 hour ago,https://www.pakwheels.com/used-cars/prince-pearl-2022-for-sale-in-karachi-10810763
Honda BR-V  2020 i-VTEC S for Sale7.5/10,PKR 46.5 lacs,Karachi,2020,"26,941 km",Petrol,1500 cc,Automatic,Updated about 1 hour ago,https://www.pakwheels.com/used-cars/honda-br-v-2020-for-sale-in-karachi-10692579
Daihatsu Boon  2006 1.0 CL for Sale6.7/10,PKR 17.5 lacs,Karachi,2006,"153,556 km",Petrol,1000 cc,Automatic,Updated about 1 hour ago,https://www.pakwheels.com/used-cars/daihatsu-boon-2006-for-sale-in-karachi-10769092
Toyota Corolla  2017 GLi Automatic 1.3 VVTi for Sale,PKR 37 lacs,Karachi,2017,"98,000 km",Petrol,1300 cc,Automatic,Updated about 1 hour ago,https://www.pakwheels.com/used-cars/toyota-corolla-2017-for-sale-in-karachi-10824448
Daihatsu Mira  2014 L for Sale7.2/10,PKR 20.5 lacs,Karachi,2014,"131,103 km",Petrol,660 cc,Automatic,Updated about 1 hour ago,https://www.pakwheels.com/used-cars/daihatsu-mira-2014-for-sale-in-karachi-10832786
Toyota Vitz  2009 F 1.0 for Sale4.5/10,PKR 20.8 lacs,Karachi,2009,"166,538 km",Petrol,1000 cc,Automatic,Updated about 1 hour ago,https://www.pakwheels.com/used-cars/toyota-vitz-2009-for-sale-in-karachi-10674803
Honda Civic 5th Generation 1995 EX for Sale,PKR 7.25 lacs,Karachi,1995,"150,000 km",Petrol,1500 cc,Manual,Updated about 1 hour ago,https://www.pakwheels.com/used-cars/honda-civic-1995-for-sale-in-karachi-10834870
KIA Picanto  2020 1.0 AT for Sale,PKR 24.9 lacs,Karachi,2020,"48,000 km",Petrol,1000 cc,Automatic,Updated about 1 hour ago,https://www.pakwheels.com/used-cars/kia-picanto-2020-for-sale-in-karachi-10803818
Honda Civic 6th Generation 1998 EXi for Sale,PKR 10.95 lacs,Karachi,1998,"100,000 km",Petrol,1500 cc,Manual,Updated about 1 hour ago,https://www.pakwheels.com/used-cars/honda-civic-1998-for-sale-in-karachi-10834861
Suzuki Alto  2014 ECO-S for Sale,PKR 20.85 lacs,Karachi,2014,"80,000 km",Petrol,660 cc,Automatic,Updated about 1 hour ago,https://www.pakwheels.com/used-cars/suzuki-alto-2014-for-sale-in-karachi-10834854
Toyota Yaris Sedan  2025 GLI MT 1.3 for Sale,PKR 44.5 lacs,Karachi,2025,"14,000 km",Petrol,1300 cc,Manual,Updated about 1 hour ago,https://www.pakwheels.com/used-cars/toyota-yaris-sedan-2025-for-sale-in-karachi-10547057
Range Rover Sport  2007 Supercharged 4.2 V8 for Sale,PKR 70 lacs,Karachi,2007,"93,000 km",Petrol,4200 cc,Automatic,Updated about 1 hour ago,https://www.pakwheels.com/used-cars/range-rover-sport-2007-for-sale-in-karachi-10834801
Honda Fit  2013 Sporty Edition for Sale,PKR 33.5 lacs,Karachi,2013,"117,000 km",Petrol,1300 cc,Automatic,Updated about 1 hour ago,https://www.pakwheels.com/used-cars/honda-fit-2013-for-sale-in-karachi-10287323
Honda Civic Rebirth 2014 VTi Prosmatec 1.8 i-VTEC for Sale,PKR 34 lacs,Karachi,2014,"113,000 km",Petrol,1800 cc,Automatic,Updated about 1 hour ago,https://www.pakwheels.com/used-cars/honda-civic-2014-for-sale-in-karachi-10834809
Honda City 5th (GM2) Generation 2010 1.3 i-VTEC for Sale,PKR 20 lacs,Karachi,2010,"140,000 km",Petrol,1300 cc,Manual,Updated about 1 hour ago,https://www.pakwheels.com/used-cars/honda-city-2010-for-sale-in-karachi-10834793
Suzuki Cultus  2014 EURO II for Sale,PKR 13.2 lacs,Karachi,2014,"37,000 km",Petrol,1000 cc,Manual,Updated about 1 hour ago,https://www.pakwheels.com/used-cars/suzuki-cultus-2014-for-sale-in-karachi-10834785
Suzuki Khyber  1997 Limited Edition for Sale,PKR 3.9 lacs,Karachi,1997,"3,000 km",Petrol,1000 cc,Manual,Updated about 1 hour ago,https://www.pakwheels.com/used-cars/suzuki-khyber-1997-for-sale-in-karachi-10834784
Suzuki Cultus  2013 EURO II for Sale,PKR 12.9 lacs,Karachi,2013,"88,000 km",Petrol,1000 cc,Manual,Updated about 1 hour ago,https://www.pakwheels.com/used-cars/suzuki-cultus-2013-for-sale-in-karachi-10834774
Suzuki Alto  2009 VXR for Sale,PKR 8.8 lacs,Karachi,2009,"145,000 km",Petrol,1000 cc,Manual,Updated about 1 hour ago,https://www.pakwheels.com/used-cars/suzuki-alto-2009-for-sale-in-karachi-10834781
Suzuki Alto  2011 VXR for Sale,PKR 10.5 lacs,Karachi,2011,"1,234 km",Petrol,1000 cc,Manual,Updated about 1 hour ago,https://www.pakwheels.com/used-cars/suzuki-alto-2011-for-sale-in-karachi-10834777
Toyota C-HR  2019 G-LED for Sale,PKR 83.5 lacs,Karachi,2019,"114,874 km",Hybrid,1800 cc,Automatic,Updated about 1 hour ago,https://www.pakwheels.com/used-cars/toyota-c-hr-2019-for-sale-in-karachi-10834768
Toyota Yaris Sedan  2021 ATIV X CVT 1.5 for Sale,PKR 45.3 lacs,Karachi,2021,"520,000 km",Petrol,1500 cc,Automatic,Updated about 1 hour ago,https://www.pakwheels.com/used-cars/toyota-yaris-sedan-2021-for-sale-in-karachi-10834761
Toyota Fortuner  2021 2.8 Sigma 4 for Sale,PKR 1.8 crore,Karachi,2021,"72,000 km",Diesel,2800 cc,Automatic,Updated about 1 hour ago,https://www.pakwheels.com/used-cars/toyota-fortuner-2021-for-sale-in-karachi-10834750
Toyota Corolla  2022 Altis X Automatic 1.6 Special Edition for Sale,PKR 68.5 lacs,Karachi,2022,"27,000 km",Petrol,1600 cc,Automatic,Updated about 1 hour ago,https://www.pakwheels.com/used-cars/toyota-corolla-2022-for-sale-in-karachi-10834744
Daihatsu Copen  2017 Robe S for Sale,PKR 34.25 lacs,Karachi,2017,"54,000 km",Petrol,660 cc,Automatic,Updated about 1 hour ago,https://www.pakwheels.com/used-cars/daihatsu-copen-2017-for-sale-in-karachi-10793286
Proton X70  2023 Premium FWD for Sale,PKR 68 lacs,Karachi,2023,"30,000 km",Petrol,1500 cc,Automatic,Updated about 1 hour ago,https://www.pakwheels.com/used-cars/proton-x70-2023-for-sale-in-karachi-10380699
Daihatsu Copen  2017 Robe S for Sale,PKR 34.25 lacs,Karachi,2017,"54,000 km",Petrol,660 cc,Automatic,Updated about 1 hour ago,https://www.pakwheels.com/used-cars/daihatsu-copen-2017-for-sale-in-karachi-10793286
Hyundai Santa Fe  2024 Signature for Sale9.7/10,PKR 1.55 crore,Karachi,2024,"1,205 km",Hybrid,1600 cc,Automatic,Updated about 1 hour ago,https://www.pakwheels.com/used-cars/hyundai-santa-fe-2024-for-sale-in-karachi-10790475
Toyota Vitz  2019 F 1.0 for Sale6.9/10,PKR 36 lacs,Karachi,2019,"115,163 km",Petrol,996 cc,Automatic,Updated about 1 hour ago,https://www.pakwheels.com/used-cars/toyota-vitz-2019-for-sale-in-karachi-10790323
Mercedes Benz E Class  2005  for Sale,PKR 48 lacs,Karachi,2005,"66,000 km",Petrol,1800 cc,Automatic,Updated about 1 hour ago,https://www.pakwheels.com/used-cars/mercedes-benz-e-class-2005-for-sale-in-karachi-10754131
Honda Civic Rebirth 2012 VTi Oriel Prosmatec 1.8 i-VTEC for Sale8.5/10,PKR 32 lacs,Karachi,2012,"103,710 km",Petrol,1800 cc,Automatic,Updated about 1 hour ago,https://www.pakwheels.com/used-cars/honda-civic-2012-for-sale-in-karachi-10651963
Daihatsu Mira  2022 X SA lll for Sale8.3/10,PKR 36.5 lacs,Karachi,2022,"44,927 km",Petrol,660 cc,Automatic,Updated about 1 hour ago,https://www.pakwheels.com/used-cars/daihatsu-mira-2022-for-sale-in-karachi-10638282
Suzuki Alto  2023 VXR for Sale8.6/10,PKR 25 lacs,Karachi,2023,"48,671 km",Petrol,660 cc,Manual,Updated about 1 hour ago,https://www.pakwheels.com/used-cars/suzuki-alto-2023-for-sale-in-karachi-10788437
Suzuki Alto  2020 VXL AGS for Sale7.7/10,PKR 25 lacs,Karachi,2020,"55,271 km",Petrol,660 cc,Automatic,Updated about 1 hour ago,https://www.pakwheels.com/used-cars/suzuki-alto-2020-for-sale-in-karachi-10788122
Peugeot 2008  2022 Allure for Sale,PKR 54.75 lacs,Karachi,2022,"39,900 km",Petrol,1200 cc,Automatic,Updated about 1 hour ago,https://www.pakwheels.com/used-cars/peugeot-2008-2022-for-sale-in-karachi-10821833
Toyota Prius  2008 G Touring Selection 1.5 for Sale,PKR 25.75 lacs,Karachi,2008,"178,000 km",Hybrid,1500 cc,Automatic,Updated about 1 hour ago,https://www.pakwheels.com/used-cars/toyota-prius-2008-for-sale-in-karachi-10826935
Prince Pearl  2024 MT for Sale,PKR 14.75 lacs,Karachi,2024,"5,900 km",Petrol,800 cc,Manual,Updated about 1 hour ago,https://www.pakwheels.com/used-cars/prince-pearl-2024-for-sale-in-karachi-10806126
Proton X70  2022 Premium FWD for Sale,PKR 56.5 lacs,Karachi,2022,"44,000 km",Petrol,1500 cc,Automatic,Updated about 1 hour ago,https://www.pakwheels.com/used-cars/proton-x70-2022-for-sale-in-karachi-10834677
Suzuki Alto  2022 VXL AGS for Sale,PKR 27.9 lacs,Karachi,2022,"25,500 km",Petrol,660 cc,Automatic,Updated about 1 hour ago,https://www.pakwheels.com/used-cars/suzuki-alto-2022-for-sale-in-karachi-10834729
Suzuki Cultus  2005 VXR for Sale,PKR 6.5 lacs,Karachi,2005,1 km,LPG,1000 cc,Manual,Updated about 1 hour ago,https://www.pakwheels.com/used-cars/suzuki-cultus-2005-for-sale-in-karachi-10834716
Toyota Corolla  2010 GLi 1.3 VVTi for Sale,PKR 19.75 lacs,Karachi,2010,"100,000 km",Petrol,1300 cc,Manual,Updated about 1 hour ago,https://www.pakwheels.com/used-cars/toyota-corolla-2010-for-sale-in-karachi-10834701
Honda Insight  2010 G for Sale,PKR 24.5 lacs,Karachi,2010,"160,000 km",Hybrid,1300 cc,Automatic,Updated about 1 hour ago,https://www.pakwheels.com/used-cars/honda-insight-2010-for-sale-in-karachi-10644898
Toyota Yaris Sedan  2025 GLI CVT 1.3 for Sale,PKR 53 lacs,Karachi,2025,"3,200 km",Petrol,1300 cc,Automatic,Updated about 1 hour ago,https://www.pakwheels.com/used-cars/toyota-yaris-sedan-2025-for-sale-in-karachi-10834681
Toyota Corolla  2019 GLi Automatic 1.3 VVTi for Sale7.5/10,PKR 41.3 lacs,Karachi,2019,"90,490 km",Petrol,1300 cc,Automatic,Updated about 2 hours ago,https://www.pakwheels.com/used-cars/toyota-corolla-2019-for-sale-in-karachi-10640056
Mercedes Benz C Class  2018 C180 Exclusive for Sale,PKR 1.5 crore,Karachi,2018,"48,200 km",Petrol,1600 cc,Automatic,Updated about 2 hours ago,https://www.pakwheels.com/used-cars/mercedes-benz-c-class-2018-for-sale-in-karachi-10617674
Suzuki Cultus  2018 VXR for Sale6.3/10,PKR 23 lacs,Karachi,2018,"95,984 km",Petrol,1000 cc,Manual,Updated about 2 hours ago,https://www.pakwheels.com/used-cars/suzuki-cultus-2018-for-sale-in-karachi-10815716
Toyota Vitz  2016 F 1.0 for Sale,PKR 32 lacs,Karachi,2016,"73,000 km",Petrol,1000 cc,Automatic,Updated about 2 hours ago,https://www.pakwheels.com/used-cars/toyota-vitz-2016-for-sale-in-karachi-10834659
Suzuki Wagon R  2015 Stingray J Style for Sale,PKR 2.4 lacs,Karachi,2015,"79,500 km",Petrol,660 cc,Automatic,Updated about 2 hours ago,https://www.pakwheels.com/used-cars/suzuki-wagon-r-2015-for-sale-in-karachi-10834663
Honda BR-V  2024 i-VTEC S for Sale9.9/10,PKR 69.85 lacs,Karachi,2024,"1,444 km",Petrol,1500 cc,Automatic,Updated about 2 hours ago,https://www.pakwheels.com/used-cars/honda-br-v-2024-for-sale-in-karachi-10731725
Suzuki Wagon R  2016 VXR for Sale7.1/10,PKR 20.75 lacs,Karachi,2016,"52,183 km",Petrol,1000 cc,Manual,Updated about 2 hours ago,https://www.pakwheels.com/used-cars/suzuki-wagon-r-2016-for-sale-in-karachi-10775037
Toyota Corolla  2008 XLi VVTi for Sale,PKR 18 lacs,Karachi,2008,"165,000 km",Petrol,1300 cc,Manual,Updated about 2 hours ago,https://www.pakwheels.com/used-cars/toyota-corolla-2008-for-sale-in-karachi-10834653
Toyota C-HR  2017 G-LED for Sale,PKR 57 lacs,Karachi,2017,"114,000 km",Hybrid,1800 cc,Automatic,Updated about 2 hours ago,https://www.pakwheels.com/used-cars/toyota-c-hr-2017-for-sale-in-karachi-10691626
Toyota Corolla  2019 GLi Automatic 1.3 VVTi for Sale7.5/10,PKR 41.3 lacs,Karachi,2019,"90,490 km",Petrol,1300 cc,Automatic,Updated about 2 hours ago,https://www.pakwheels.com/used-cars/toyota-corolla-2019-for-sale-in-karachi-10640056
Mercedes Benz C Class  2018 C180 Exclusive for Sale,PKR 1.5 crore,Karachi,2018,"48,200 km",Petrol,1600 cc,Automatic,Updated about 2 hours ago,https://www.pakwheels.com/used-cars/mercedes-benz-c-class-2018-for-sale-in-karachi-10617674
Suzuki Cultus  2018 VXR for Sale6.3/10,PKR 23 lacs,Karachi,2018,"95,984 km",Petrol,1000 cc,Manual,Updated about 2 hours ago,https://www.pakwheels.com/used-cars/suzuki-cultus-2018-for-sale-in-karachi-10815716
Honda BR-V  2024 i-VTEC S for Sale9.9/10,PKR 69.85 lacs,Karachi,2024,"1,444 km",Petrol,1500 cc,Automatic,Updated about 2 hours ago,https://www.pakwheels.com/used-cars/honda-br-v-2024-for-sale-in-karachi-10731725
Suzuki Wagon R  2016 VXR for Sale7.1/10,PKR 20.75 lacs,Karachi,2016,"52,183 km",Petrol,1000 cc,Manual,Updated about 2 hours ago,https://www.pakwheels.com/used-cars/suzuki-wagon-r-2016-for-sale-in-karachi-10775037
Toyota C-HR  2017 G-LED for Sale,PKR 57 lacs,Karachi,2017,"114,000 km",Hybrid,1800 cc,Automatic,Updated about 2 hours ago,https://www.pakwheels.com/used-cars/toyota-c-hr-2017-for-sale-in-karachi-10691626
Suzuki Cultus  2005 VX for Sale4.9/10,PKR 7 lacs,Karachi,2005,"6,732 km",Petrol,1000 cc,Manual,Updated about 2 hours ago,https://www.pakwheels.com/used-cars/suzuki-cultus-2005-for-sale-in-karachi-10787125
Toyota Prado  2021 TX L Package 2.7 for Sale9.9/10,PKR 3.26 crore,Karachi,2021,"17,144 km",Petrol,2700 cc,Automatic,Updated about 2 hours ago,https://www.pakwheels.com/used-cars/toyota-prado-2021-for-sale-in-karachi-10786422
Mercedes Benz E Class 5th (W213) Generation 2022 E 180 Exclusive for Sale,Call,Karachi,2022,"6,900 km",Petrol,1500 cc,Automatic,Updated about 2 hours ago,https://www.pakwheels.com/used-cars/mercedes-benz-e-class-2022-for-sale-in-karachi-9250010
Suzuki Mehran  2010 VXR (CNG) for Sale4.9/10,PKR 7 lacs,Karachi,2010,"70,760 km",Petrol,800 cc,Manual,Updated about 2 hours ago,https://www.pakwheels.com/used-cars/suzuki-mehran-2010-for-sale-in-karachi-10754836
Honda BR-V  2022 i-VTEC S for Sale8.7/10,PKR 51.5 lacs,Karachi,2022,"61,608 km",Petrol,1500 cc,Automatic,Updated about 2 hours ago,https://www.pakwheels.com/used-cars/honda-br-v-2022-for-sale-in-karachi-10783822
Toyota Prado  2016 TX 2.7 for Sale8.5/10,PKR 1.95 crore,Karachi,2016,"111,063 km",Petrol,2700 cc,Automatic,Updated about 2 hours ago,https://www.pakwheels.com/used-cars/toyota-prado-2016-for-sale-in-karachi-10783285
Suzuki Alto  2003 VXR for Sale,PKR 6.5 lacs,Karachi,2003,100 km,Petrol,1000 cc,Manual,Updated about 2 hours ago,https://www.pakwheels.com/used-cars/suzuki-alto-2003-for-sale-in-karachi-10834643
Honda Civic  2001 EXi for Sale,PKR 10.8 lacs,Karachi,2001,100 km,Petrol,1500 cc,Manual,Updated about 2 hours ago,https://www.pakwheels.com/used-cars/honda-civic-2001-for-sale-in-karachi-10834644
Toyota Corolla  2021 Altis X Automatic 1.6 for Sale,PKR 55.75 lacs,Karachi,2021,"39,700 km",Petrol,1600 cc,Automatic,Updated about 2 hours ago,https://www.pakwheels.com/used-cars/toyota-corolla-2021-for-sale-in-karachi-10834641
Daihatsu Mira  2020 L SA III for Sale,PKR 30.8 lacs,Karachi,2020,"17,800 km",Petrol,660 cc,Automatic,Updated about 2 hours ago,https://www.pakwheels.com/used-cars/daihatsu-mira-2020-for-sale-in-karachi-10833127
Toyota Hilux  2021 Revo V Automatic 2.8 for Sale,PKR 1.24 crore,Karachi,2021,"22,000 km",Diesel,2800 cc,Automatic,Updated about 2 hours ago,https://www.pakwheels.com/used-cars/toyota-hilux-2021-for-sale-in-karachi-10834627
Toyota Raize  2020 Z for Sale,PKR 59.5 lacs,Karachi,2020,"47,000 km",Petrol,1000 cc,Automatic,Updated about 2 hours ago,https://www.pakwheels.com/used-cars/toyota-raize-2020-for-sale-in-karachi-10834631
Changan Oshan X7  2025 FutureSense 7 Seat for Sale,PKR 93.8 lacs,Karachi,2025,1 km,Petrol,1500 cc,Automatic,Updated about 2 hours ago,https://www.pakwheels.com/used-cars/changan-oshan-x7-2025-for-sale-in-karachi-9989309
Toyota Yaris Sedan  2020 ATIV CVT 1.3 for Sale8.2/10,PKR 37 lacs,Karachi,2020,"174,309 km",Petrol,1300 cc,Automatic,Updated about 2 hours ago,https://www.pakwheels.com/used-cars/toyota-yaris-sedan-2020-for-sale-in-karachi-10783093
Suzuki Alto  2020 VXR for Sale,PKR 23 lacs,Karachi,2020,"62,000 km",Petrol,660 cc,Manual,Updated about 2 hours ago,https://www.pakwheels.com/used-cars/suzuki-alto-2020-for-sale-in-karachi-10834617
Daihatsu Move  2019 Custom X for Sale,PKR 28.5 lacs,Karachi,2019,"73,088 km",Petrol,660 cc,Automatic,Updated about 2 hours ago,https://www.pakwheels.com/used-cars/daihatsu-move-2019-for-sale-in-karachi-10834616
Suzuki Cultus  2016 Limited Edition for Sale5.9/10,PKR 15.5 lacs,Karachi,2016,"83,835 km",Petrol,1000 cc,Manual,Updated about 2 hours ago,https://www.pakwheels.com/used-cars/suzuki-cultus-2016-for-sale-in-karachi-10782424
Toyota Prius  2011 G Touring Selection 1.8 for Sale6.8/10,PKR 35 lacs,Karachi,2011,"111,292 km",Hybrid,1800 cc,Automatic,Updated about 2 hours ago,https://www.pakwheels.com/used-cars/toyota-prius-2011-for-sale-in-karachi-10780926
Daihatsu Mira  2016 L for Sale5.3/10,PKR 24.5 lacs,Karachi,2016,"115,610 km",Petrol,660 cc,Automatic,Updated about 2 hours ago,https://www.pakwheels.com/used-cars/daihatsu-mira-2016-for-sale-in-karachi-10780879
Toyota Hilux  2023 Revo V Automatic 2.8 for Sale,PKR 1.29 crore,Karachi,2023,"40,000 km",Diesel,2800 cc,Automatic,Updated about 2 hours ago,https://www.pakwheels.com/used-cars/toyota-hilux-2023-for-sale-in-karachi-10834600
DFSK Glory 580  2021 1.5 CVT for Sale9/10,PKR 44 lacs,Karachi,2021,"71,560 km",Petrol,1500 cc,Automatic,Updated about 2 hours ago,https://www.pakwheels.com/used-cars/dfsk-glory-580-2021-for-sale-in-karachi-10778364
Honda Civic  2016 Turbo 1.5 VTEC CVT for Sale,PKR 47.5 lacs,Karachi,2016,"78,000 km",Petrol,1500 cc,Automatic,Updated about 2 hours ago,https://www.pakwheels.com/used-cars/honda-civic-2016-for-sale-in-karachi-10824594
Toyota Corolla  2012 Altis SR Cruisetronic 1.6 for Sale,PKR 35 lacs,Karachi,2012,"124,000 km",Petrol,1600 cc,Automatic,Updated about 2 hours ago,https://www.pakwheels.com/used-cars/toyota-corolla-2012-for-sale-in-karachi-10817610
Toyota C-HR  2018 G-LED for Sale9.2/10,PKR 70 lacs,Karachi,2018,"115,129 km",Hybrid,1800 cc,Automatic,Updated about 2 hours ago,https://www.pakwheels.com/used-cars/toyota-c-hr-2018-for-sale-in-karachi-10780377
Suzuki Khyber  1994  for Sale,PKR 3.6 lacs,Karachi,1994,"100,200 km",CNG,1000 cc,Manual,Updated about 2 hours ago,https://www.pakwheels.com/used-cars/suzuki-khyber-1994-for-sale-in-karachi-10834596
